{
    "root_group": {
        "groups": {},
        "checks": {
                "status es 200": {
                    "name": "status es 200",
                    "path": "::status es 200",
                    "id": "c8f562f01bcdf8f7be8c15f6ad60295d",
                    "passes": 100,
                    "fails": 0
                },
                "tiempo < 500ms": {
                    "passes": 0,
                    "fails": 100,
                    "name": "tiempo < 500ms",
                    "path": "::tiempo < 500ms",
                    "id": "c560ccfd6432d90a11269a0ee9a60b2b"
                }
            },
        "name": "",
        "path": "",
        "id": "d41d8cd98f00b204e9800998ecf8427e"
    },
    "metrics": {
        "http_req_tls_handshaking": {
            "min": 0,
            "med": 0,
            "max": 0,
            "p(90)": 0,
            "p(95)": 0,
            "avg": 0
        },
        "http_req_failed": {
            "passes": 0,
            "fails": 200,
            "value": 0
        },
        "iteration_duration": {
            "med": 17878.8224,
            "max": 26596.4221,
            "p(90)": 24420.73658,
            "p(95)": 24679.266929999998,
            "avg": 18045.642076,
            "min": 10265.2652
        },
        "checks": {
            "fails": 100,
            "passes": 100,
            "value": 0.5
        },
        "http_req_duration": {
            "min": 1339.1745,
            "med": 8580.305349999999,
            "max": 16822.9546,
            "p(90)": 14751.335839999998,
            "p(95)": 15052.671980000001,
            "avg": 8518.954943499995,
            "thresholds": {
                "p(95)<500": true
            }
        },
        "iterations": {
            "count": 100,
            "rate": 3.7580234128691807
        },
        "http_req_sending": {
            "med": 0,
            "max": 0.9609,
            "p(90)": 0.5451599999999999,
            "p(95)": 0.6484749999999999,
            "avg": 0.12207000000000003,
            "min": 0
        },
        "http_reqs": {
            "count": 200,
            "rate": 7.5160468257383615
        },
        "http_req_blocked": {
            "max": 13.9569,
            "p(90)": 5.157159999999999,
            "p(95)": 10.290324999999998,
            "avg": 2.5043819999999997,
            "min": 0,
            "med": 1.04725
        },
        "http_req_waiting": {
            "avg": 8517.9522935,
            "min": 1338.4266,
            "med": 8579.5967,
            "max": 16822.9546,
            "p(90)": 14749.15291,
            "p(95)": 15049.99643
        },
        "http_req_receiving": {
            "med": 0.5568500000000001,
            "max": 9.4746,
            "p(90)": 2.27206,
            "p(95)": 3.3427749999999983,
            "avg": 0.8805799999999999,
            "min": 0
        },
        "vus_max": {
            "value": 100,
            "min": 100,
            "max": 100
        },
        "vus": {
            "value": 2,
            "min": 2,
            "max": 100
        },
        "http_req_duration{expected_response:true}": {
            "max": 16822.9546,
            "p(90)": 14751.335839999998,
            "p(95)": 15052.671980000001,
            "avg": 8518.954943499995,
            "min": 1339.1745,
            "med": 8580.305349999999
        },
        "data_received": {
            "count": 8250813,
            "rate": 310067.484292054
        },
        "data_sent": {
            "count": 34100,
            "rate": 1281.4859837883905
        },
        "http_req_connecting": {
            "max": 8.7549,
            "p(90)": 4.2754,
            "p(95)": 4.68237,
            "avg": 1.8804069999999993,
            "min": 0,
            "med": 1.04725
        }
    }
}