{"metrics":{"data_received":{"contains":"data","values":{"count":29031416,"rate":336433.6583591751},"type":"counter"},"checks":{"type":"rate","contains":"default","values":{"rate":0.5,"passes":1,"fails":1}},"http_reqs":{"values":{"count":193,"rate":2.2366010691080587},"type":"counter","contains":"default"},"http_req_tls_handshaking":{"type":"trend","contains":"time","values":{"p(95)":0,"avg":0,"min":0,"med":0,"max":0,"p(90)":0}},"http_req_sending":{"type":"trend","contains":"time","values":{"p(95)":0.634119999999999,"avg":0.10304559585492225,"min":0,"med":0,"max":1.3541,"p(90)":0.5547600000000001}},"data_sent":{"values":{"count":24940,"rate":289.01984799769417},"type":"counter","contains":"data"},"tiempo_respuesta_post_stress":{"contains":"default","values":{"avg":46290.6078,"min":46290.6078,"med":46290.6078,"max":46290.6078,"p(90)":46290.6078,"p(95)":46290.6078},"thresholds":{"avg<300":{"ok":false}},"type":"trend"},"http_req_failed":{"thresholds":{"rate<0.01":{"ok":true}},"type":"rate","contains":"default","values":{"passes":0,"fails":193,"rate":0}},"dropped_iterations":{"type":"counter","contains":"default","values":{"count":702,"rate":8.135201816133975}},"vus_max":{"type":"gauge","contains":"default","values":{"max":201,"value":201,"min":101}},"http_req_duration":{"type":"trend","contains":"time","values":{"avg":30015.754907253882,"min":5802.3639,"med":29794.9003,"max":51754.9561,"p(90)":48565.80378000002,"p(95)":50204.77657999996}},"iterations":{"type":"counter","contains":"default","values":{"count":193,"rate":2.2366010691080587}},"http_req_connecting":{"type":"trend","contains":"time","values":{"med":1.0924,"max":2.3607,"p(90)":1.51648,"p(95)":1.6719399999999998,"avg":1.0493658031088082,"min":0}},"http_req_duration{expected_response:true}":{"type":"trend","contains":"time","values":{"p(90)":48565.80378000002,"p(95)":50204.77657999996,"avg":30015.754907253882,"min":5802.3639,"med":29794.9003,"max":51754.9561}},"http_req_waiting":{"type":"trend","contains":"time","values":{"min":5798.4468,"med":29791.3913,"max":51752.8111,"p(90)":48562.42482000002,"p(95)":50202.98231999996,"avg":30013.45866943004}},"http_req_receiving":{"type":"trend","contains":"time","values":{"max":14.0682,"p(90)":3.9392400000000003,"p(95)":5.423859999999989,"avg":2.1931922279792735,"min":0,"med":1.664}},"iteration_duration":{"type":"trend","contains":"time","values":{"p(95)":50206.44761999996,"avg":30017.0832580311,"min":5803.6658,"med":29796.0346,"max":51755.9843,"p(90)":48566.76296000002}},"vus":{"type":"gauge","contains":"default","values":{"min":1,"max":200,"value":1}},"http_req_blocked":{"values":{"max":2.3607,"p(90)":1.6778400000000002,"p(95)":1.80286,"avg":1.152669430051813,"min":0,"med":1.1279},"type":"trend","contains":"time"}},"root_group":{"path":"","id":"d41d8cd98f00b204e9800998ecf8427e","groups":[],"checks":[{"name":"✅ Status 200 OK","path":"::✅ Status 200 OK","id":"ee78691b3ae458ab77a55ce82b0f0c48","passes":1,"fails":0},{"name":"⏱️ Tiempo < 300ms tras recuperación","path":"::⏱️ Tiempo < 300ms tras recuperación","id":"c980d33a2de250c6daab4895a5b42b32","passes":0,"fails":1}],"name":""},"options":{"summaryTrendStats":["avg","min","med","max","p(90)","p(95)"],"summaryTimeUnit":"","noColor":false},"state":{"isStdOutTTY":true,"isStdErrTTY":true,"testRunDurationMs":86291.6515}}